Title,Blog Link,Search,Keywords,Published Before,Published After,Order by - Oldest,Order by - Newest,Order by - Relevance,Page,Page Increment,Results,Date,Updated,Number,Format,Search Link
Crown Prosecution Service,http://www.cps.gov.uk/,search,keys,None,created,None,None,None,page 0,1,"div search-list
a None",None,None,div results--summary 4,+,None
National Crime Agency,http://www.nationalcrimeagency.gov.uk/,component/finder/search,q,None,None,None,None,None,start 100,100,"ol search-results
a None",None,None,div search-pages-counter -1,+,None
Office of Rail and Road,http://www.orr.gov.uk/,search,search_api_fulltext,None,None,None,None,None,page 0,1,"div views-infinite-scroll-content-wrapper clearfix
a None",span orr-published-date,None,div search-results-count 2,+,None
Advisory Committee on Animal Feedingstuffs,https://acaf.food.gov.uk/,search/committee,search-text,None,None,None,None,None,page 0,1,"div search-page__results
a None",div search-result__date,None,div search-page__header-count -1,+,None
Advisory Committee on Novel Foods and Processes,https://acnfp.food.gov.uk/,search/committee,search-text,None,None,None,None,None,page 0,2,"div search-page__results
a None",div search-result__date,None,div search-page__header-count -2,+,None
Advisory Committee on the Microbiological Safety of Food,https://acmsf.food.gov.uk/,search/committee,search-text,None,None,None,None,None,page 0,3,"div search-page__results
a None",div search-result__date,None,div search-page__header-count -3,+,None
The Advisory Council on National Records and Archives,http://www.nationalarchives.gov.uk/,search/results/1,_q,None,None,None,None,None,AFTER result/,1,"ul searchList
a None",None,None,div heading-holding-banner -2,+,None
"Advisory, Conciliation and Arbitration Service",http://www.acas.org.uk/,search,keys,None,None,None,None,None,page 0,1,"div view-content
a None",None,None,div view-header 0,+,None
Agri-Food and Biosciences Institute (Northern Ireland),http://www.afbini.gov.uk/,search,query,None,None,None,None,None,page 0,1,"div panel-pane pane-views-row
a None",None,None,div current-search-item current-search-item-text current-search-item-results-count 0,+,None
Armed Forces Covenant Fund Trust,https://www.covenantfund.org.uk/,page/1/,s,None,None,None,None,None,AFTER page/,1,"div articles
a None",None,None,MANUAL,+,None
Arts Council England,http://www.artscouncil.org.uk/,search,query,None,None,None,None,None,page 0,1,"div search-results
a None",None,None,div u-text-right 3,+,None
Arts Council of Northern Ireland,http://www.artscouncil-ni.org/,search,q,None,None,None,None,None,page 1,,"section fullPage
a None",None,None,MANUAL,+,None
Arts Council of Wales,https://arts.wales/,search/nodes,keys,None,None,None,None,None,page 0,1,,None,None,MANUAL,+,None
Boundary Commission for England,https://boundarycommissionforengland.independent.gov.uk/,page/0/,s,None,None,None,None,None,AFTER page/,1,,None,None,MANUAL,+,
Boundary Commission for Northern Ireland,http://www.boundarycommission.org.uk/,,,,,,,,,,,,,,,
Boundary Commission for Scotland,http://www.bcomm-scotland.independent.gov.uk/,,,,,,,,,,,,,,,
Boundary Commission for Wales,http://bcomm-wales.gov.uk/,,,,,,,,,,,,,,,
British Business Bank,http://british-business-bank.co.uk/,,,,,,,,,,,,,,,
British Council,http://www.britishcouncil.org/,,,,,,,,,,,,,,,
British Film Institute,http://www.bfi.org.uk/,,,,,,,,,,,,,,,
British Library,http://www.bl.uk/,,,,,,,,,,,,,,,
British Museum,http://www.britishmuseum.org/,,,,,,,,,,,,,,,
British Pharmacopoeia Commission,http://pharmacopoeia.com/,,,,,,,,,,,,,,,
British Transport Police Authority,http://btpa.police.uk/,,,,,,,,,,,,,,,
British Wool,https://www.britishwool.org.uk/,,,,,,,,,,,,,,,
Broads Authority,http://www.broads-authority.gov.uk/,,,,,,,,,,,,,,,
Cafcass,http://www.cafcass.gov.uk/,,,,,,,,,,,,,,,
Care Quality Commission,http://www.cqc.org.uk/,,,,,,,,,,,,,,,
Careers Wales,http://www.careerswales.com/,,,,,,,,,,,,,,,
Chevening Scholarship Programme,http://www.chevening.org/,,,,,,,,,,,,,,,
Churches Conservation Trust,https://www.visitchurches.org.uk/,,,,,,,,,,,,,,,
Civil Justice Council,https://www.judiciary.uk/,,,,,,,,,,,,,,,
Civil Service Commission,http://civilservicecommission.independent.gov.uk/,,,,,,,,,,,,,,,
College of Policing,http://www.college.police.uk/,,,,,,,,,,,,,,,
Commissioner for Public Appointments,http://publicappointmentscommissioner.independent.gov.uk/,,,,,,,,,,,,,,,
Committee on Climate Change,http://www.theccc.org.uk/,,,,,,,,,,,,,,,
"Committee on Toxicity of Chemicals in Food, Consumer Products and the Environment",http://www.food.gov.uk/,,,,,,,,,,,,,,,
Competition Appeal Tribunal,http://www.catribunal.org.uk/,,,,,,,,,,,,,,,
Competition Service,https://www.catribunal.org.uk/,,,,,,,,,,,,,,,
Construction Industry Training Board,http://www.citb.co.uk/,,,,,,,,,,,,,,,
Consumer Council for Water,https://www.ccw.org.uk/,,,,,,,,,,,,,,,
Covent Garden Market Authority,http://www.newcoventgardenmarket.com/,,,,,,,,,,,,,,,
Criminal Cases Review Commission,http://www.ccrc.gov.uk/,,,,,,,,,,,,,,,
The Crown Estate,http://www.thecrownestate.co.uk/,,,,,,,,,,,,,,,
Dartmoor National Park Authority,https://www.dartmoor.gov.uk/,,,,,,,,,,,,,,,
Defence and Security Media Advisory Committee,http://www.dsma.uk/,,,,,,,,,,,,,,,
Department for Communities (Northern Ireland),https://www.communities-ni.gov.uk/,,,,,,,,,,,,,,,
Department for Infrastructure (Northern Ireland),https://www.infrastructure-ni.gov.uk/,,,,,,,,,,,,,,,
Department for the Economy (Northern Ireland),https://www.economy-ni.gov.uk/,,,,,,,,,,,,,,,
"Department of Agriculture, Environment and Rural Affairs (Northern Ireland)",https://www.daera-ni.gov.uk/,,,,,,,,,,,,,,,
Department of Education (Northern Ireland),https://www.education-ni.gov.uk/,,,,,,,,,,,,,,,
Department of Finance (Northern Ireland),https://www.finance-ni.gov.uk/,,,,,,,,,,,,,,,
Department of Health (Northern Ireland),https://www.health-ni.gov.uk/,,,,,,,,,,,,,,,
Department of Justice (Northern Ireland),https://www.justice-ni.gov.uk/,,,,,,,,,,,,,,,
Directly Operated Railways Limited,http://webarchive.nationalarchives.gov.uk/,,,,,,,,,,,,,,,
East West Railway Company Limited,https://eastwestrail.co.uk/,,,,,,,,,,,,,,,
Ebbsfleet Development Corporation,http://ebbsfleetdc.org.uk/,,,,,,,,,,,,,,,
Economic and Social Research Council,http://www.esrc.ac.uk/,,,,,,,,,,,,,,,
The Electoral Commission,http://www.electoralcommission.org.uk/,,,,,,,,,,,,,,,
Electricity Settlements Company,https://www.lowcarboncontracts.uk/,,,,,,,,,,,,,,,
Engineering Construction Industry Training Board,http://www.ecitb.org.uk/,,,,,,,,,,,,,,,
Engineering and Physical Sciences Research Council,http://www.epsrc.ac.uk/,,,,,,,,,,,,,,,
English Institute of Sport,http://www.eis2win.co.uk/,,,,,,,,,,,,,,,
Equality and Human Rights Commission,http://www.equalityhumanrights.com/,,,,,,,,,,,,,,,
Estyn,http://www.estyn.gov.uk/,,,,,,,,,,,,,,,
The Executive Office (Northern Ireland),https://www.executiveoffice-ni.gov.uk/,,,,,,,,,,,,,,,
Exmoor National Park Authority,http://www.exmoor-nationalpark.gov.uk/,,,,,,,,,,,,,,,
FCDO Services,https://www.fcdoservices.gov.uk/,,,,,,,,,,,,,,,
Family Justice Council,https://www.judiciary.uk/,,,,,,,,,,,,,,,
Financial Conduct Authority,https://www.fca.org.uk/,,,,,,,,,,,,,,,
Financial Reporting Council,https://www.frc.org.uk/,,,,,,,,,,,,,,,
Fire Service College,http://www.fireservicecollege.ac.uk/,,,,,,,,,,,,,,,
Flood Re,https://www.floodre.co.uk/,,,,,,,,,,,,,,,
Forest Research,https://www.forestresearch.gov.uk/,,,,,,,,,,,,,,,
Forestry England,https://www.forestryengland.uk/,,,,,,,,,,,,,,,
Gambling Commission,http://www.gamblingcommission.gov.uk/,,,,,,,,,,,,,,,
Gangmasters and Labour Abuse Authority,http://www.gla.gov.uk/,,,,,,,,,,,,,,,
Government Communications Headquarters,http://www.gchq.gov.uk/,,,,,,,,,,,,,,,
Great Britain-China Centre,http://www.gbcc.org.uk/,,,,,,,,,,,,,,,
HM Crown Prosecution Service Inspectorate,http://www.justiceinspectorates.gov.uk/,,,,,,,,,,,,,,,
HM Government Communications Centre,http://www.hmgcc.gov.uk/,,,,,,,,,,,,,,,
HM Inspectorate of Constabulary and Fire & Rescue Services,https://www.justiceinspectorates.gov.uk/,,,,,,,,,,,,,,,
HM Inspectorate of Prisons,http://www.justice.gov.uk/,,,,,,,,,,,,,,,
HM Inspectorate of Probation,http://www.justice.gov.uk/,,,,,,,,,,,,,,,
HSC Business Services Organisation (Northern Ireland),http://www.hscbusiness.hscni.net/,,,,,,,,,,,,,,,
Health Research Authority,http://www.hra.nhs.uk/,,,,,,,,,,,,,,,
Health Services Safety Investigations Body,https://www.hssib.org.uk/,,,,,,,,,,,,,,,
Health and Safety Executive,http://www.hse.gov.uk/,,,,,,,,,,,,,,,
Higher Education Statistics Agency,https://www.hesa.ac.uk/,,,,,,,,,,,,,,,
Historic England,http://www.historicengland.org.uk/,,,,,,,,,,,,,,,
Horniman Public Museum and Public Park Trust,http://www.horniman.ac.uk/,,,,,,,,,,,,,,,
Horserace Betting Levy Board,http://www.hblb.org.uk/,,,,,,,,,,,,,,,
House of Lords Appointments Commission,http://lordsappointments.independent.gov.uk/,,,,,,,,,,,,,,,
Housing Ombudsman,http://www.housing-ombudsman.org.uk/,,,,,,,,,,,,,,,
Human Fertilisation and Embryology Authority,http://www.hfea.gov.uk/,,,,,,,,,,,,,,,
Human Tissue Authority,http://www.hta.gov.uk/,,,,,,,,,,,,,,,
Imperial War Museum,http://www.iwm.org.uk/,,,,,,,,,,,,,,,
Independent Advisory Panel on Deaths in Custody,http://www.iapondeathsincustody.org/,,,,,,,,,,,,,,,
Independent Anti-slavery Commissioner,http://www.antislaverycommissioner.co.uk/,,,,,,,,,,,,,,,
Independent Commission for Aid Impact,http://icai.independent.gov.uk/,,,,,,,,,,,,,,,
The Independent Commission for Reconciliation and Information Recovery,https://icrir.independent-inquiry.uk/,,,,,,,,,,,,,,,
Independent Complaints Reviewer,http://www.icrev.org.uk/,,,,,,,,,,,,,,,
Independent Monitoring Authority for the Citizensâ€™ Rights Agreements,https://ima-citizensrights.org.uk/,,,,,,,,,,,,,,,
Independent Monitoring Boards,http://www.imb.org.uk/,,,,,,,,,,,,,,,
Independent Office for Police Conduct,https://policeconduct.gov.uk/,,,,,,,,,,,,,,,
Independent Parliamentary Standards Authority,http://www.theipsa.org.uk/,,,,,,,,,,,,,,,
Independent Reviewer of Terrorism Legislation,https://terrorismlegislationreviewer.independent.gov.uk/,,,,,,,,,,,,,,,
Information Commissioner's Office,http://www.ico.org.uk/,,,,,,,,,,,,,,,
Institute for Apprenticeships and Technical Education,https://www.instituteforapprenticeships.org/,,,,,,,,,,,,,,,
Invest Northern Ireland,https://www.investni.com/,,,,,,,,,,,,,,,
Investigatory Powers Commissioner's Office,https://www.ipco.org.uk/,,,,,,,,,,,,,,,
Investigatory Powers Tribunal,http://www.ipt-uk.com/,,,,,,,,,,,,,,,
Iraq Inquiry,http://www.iraqinquiry.org.uk/,,,,,,,,,,,,,,,
Joint Nature Conservation Committee,http://jncc.defra.gov.uk/,,,,,,,,,,,,,,,
Judicial Appointments Commission,https://www.judicialappointments.gov.uk/,,,,,,,,,,,,,,,
Judicial Office,https://www.judiciary.uk/,,,,,,,,,,,,,,,
Labour Relations Agency (Northern Ireland),https://www.lra.org.uk/,,,,,,,,,,,,,,,
Lake District National Park Authority,http://www.lakedistrict.gov.uk/,,,,,,,,,,,,,,,
Law Commission,http://www.lawcom.gov.uk/,,,,,,,,,,,,,,,
Leasehold Advisory Service,https://www.lease-advice.org/,,,,,,,,,,,,,,,
The Legal Ombudsman,http://www.legalombudsman.org.uk/,,,,,,,,,,,,,,,
Legal Services Agency (Northern Ireland),https://www.justice-ni.gov.uk/,,,,,,,,,,,,,,,
Legal Services Board,http://www.legalservicesboard.org.uk/,,,,,,,,,,,,,,,
Livestock and Meat Commission for Northern Ireland,https://www.lmcni.com/,,,,,,,,,,,,,,,
Local Government and Social Care Ombudsman,http://www.lgo.org.uk/,,,,,,,,,,,,,,,
Locat ED,https://located.co.uk/,,,,,,,,,,,,,,,
Low Carbon Contracts Company,https://www.lowcarboncontracts.uk/,,,,,,,,,,,,,,,
Marshall Aid Commemoration Commission,http://www.marshallscholarship.org/,,,,,,,,,,,,,,,
Medical Research Council,http://www.mrc.ac.uk/,,,,,,,,,,,,,,,
Met Office,http://www.metoffice.gov.uk/,,,,,,,,,,,,,,,
Military Engineering Experimental Establishment,https://mexe.org.uk/,,,,,,,,,,,,,,,
Money and Pensions Service,https://moneyandpensionsservice.org.uk/,,,,,,,,,,,,,,,
Museum of the Home,https://www.museumofthehome.org.uk/,,,,,,,,,,,,,,,
NHS Blood and Transplant,http://www.nhsbt.nhs.uk/,,,,,,,,,,,,,,,
NHS Business Services Authority,http://www.nhsbsa.nhs.uk/,,,,,,,,,,,,,,,
NHS Counter Fraud Authority,https://cfa.nhs.uk/,,,,,,,,,,,,,,,
NHS England,http://www.england.nhs.uk/,,,,,,,,,,,,,,,
NHS Resolution,https://resolution.nhs.uk/,,,,,,,,,,,,,,,
NHS Wales Informatics Service,https://nwis.nhs.wales/,,,,,,,,,,,,,,,
National Army Museum,http://www.nam.ac.uk/,,,,,,,,,,,,,,,
National Citizen Service,https://www.ncsyes.co.uk/,,,,,,,,,,,,,,,
National Counter Terrorism Security Office,https://www.protectuk.police.uk/,,,,,,,,,,,,,,,
National Forest Company,http://www.nationalforest.org/,,,,,,,,,,,,,,,
National Gallery,http://www.nationalgallery.org.uk/,,,,,,,,,,,,,,,
National Heritage Memorial Fund,http://www.nhmf.org.uk/,,,,,,,,,,,,,,,
National Highways,http://www.nationalhighways.co.uk/,,,,,,,,,,,,,,,
National Infrastructure Commission,https://www.nic.org.uk/,,,,,,,,,,,,,,,
National Institute for Health and Care Excellence,http://www.nice.org.uk/,,,,,,,,,,,,,,,
The National Lottery Community Fund,https://www.tnlcommunityfund.org.uk/,,,,,,,,,,,,,,,
National Lottery Heritage Fund,https://www.heritagefund.org.uk/,,,,,,,,,,,,,,,
National Museum of the Royal Navy,http://www.nmrn.org.uk/,,,,,,,,,,,,,,,
National Museums Liverpool,http://www.liverpoolmuseums.org.uk/,,,,,,,,,,,,,,,
National Portrait Gallery,http://www.npg.org.uk/,,,,,,,,,,,,,,,
National Protective Security Authority,https://www.npsa.gov.uk/,,,,,,,,,,,,,,,
Natural Environment Research Council,http://www.nerc.ac.uk/,,,,,,,,,,,,,,,
Natural History Museum,http://www.nhm.ac.uk/,,,,,,,,,,,,,,,
Natural Resources Wales,http://naturalresourceswales.gov.uk/,,,,,,,,,,,,,,,
Network Rail,https://www.networkrail.co.uk/,,,,,,,,,,,,,,,
New Forest National Park Authority,http://www.newforestnpa.gov.uk/,,,,,,,,,,,,,,,
North Sea Transition Authority,https://www.nstauthority.co.uk/,,,,,,,,,,,,,,,
North York Moors National Park Authority,http://www.northyorkmoors.org.uk/,,,,,,,,,,,,,,,
Northern Ireland Cancer Registry,https://www.qub.ac.uk/,,,,,,,,,,,,,,,
Northern Ireland Courts and Tribunals Service,https://www.justice-ni.gov.uk/,,,,,,,,,,,,,,,
Northern Ireland Housing Executive,http://www.nihe.gov.uk/,,,,,,,,,,,,,,,
Northern Ireland Human Rights Commission,http://www.nihrc.org/,,,,,,,,,,,,,,,
Northern Ireland Policing Board,http://www.nipolicingboard.org.uk/,,,,,,,,,,,,,,,
Northern Ireland Prison Service,https://www.justice-ni.gov.uk/,,,,,,,,,,,,,,,
Northern Ireland Statistics and Research Agency,http://www.nisra.gov.uk/,,,,,,,,,,,,,,,
Northern Lighthouse Board,http://www.nlb.org.uk/,,,,,,,,,,,,,,,
Northumberland National Park Authority,http://www.northumberlandnationalpark.org.uk/,,,,,,,,,,,,,,,
Oak National Academy,https://www.thenational.academy/,,,,,,,,,,,,,,,
Ofcom,http://www.ofcom.org.uk/,,,,,,,,,,,,,,,
Office for Budget Responsibility,https://obr.uk/,,,,,,,,,,,,,,,
Office for Environmental Protection,https://www.theoep.org.uk/,,,,,,,,,,,,,,,
Office for National Statistics,http://www.ons.gov.uk/,,,,,,,,,,,,,,,
Office for Students,https://www.officeforstudents.org.uk/,,,,,,,,,,,,,,,
Office of the Chief Electoral Officer for Northern Ireland,https://www.eoni.org.uk/,,,,,,,,,,,,,,,
Office of the Children's Commissioner,http://www.childrenscommissioner.gov.uk/,,,,,,,,,,,,,,,
Office of the Police Ombudsman for Northern Ireland,https://www.policeombudsman.org/,,,,,,,,,,,,,,,
Office of the Registrar of Consultant Lobbyists,http://registrarofconsultantlobbyists.org.uk/,,,,,,,,,,,,,,,
Parades Commission for Northern Ireland,http://www.paradescommission.org/,,,,,,,,,,,,,,,
The Parliamentary and Health Service Ombudsman,http://www.ombudsman.org.uk/,,,,,,,,,,,,,,,
Payment Systems Regulator,https://www.psr.org.uk/,,,,,,,,,,,,,,,
Peak District National Park Authority,http://www.peakdistrict.gov.uk/,,,,,,,,,,,,,,,
The Pension Protection Fund Ombudsman,https://www.pensions-ombudsman.org.uk/,,,,,,,,,,,,,,,
The Pensions Ombudsman,http://www.pensions-ombudsman.org.uk/,,,,,,,,,,,,,,,
The Pensions Regulator,https://www.thepensionsregulator.gov.uk/,,,,,,,,,,,,,,,
Phone-paid Services Authority,https://psauthority.org.uk/,,,,,,,,,,,,,,,
Police Service of Northern Ireland,http://www.psni.police.uk/,,,,,,,,,,,,,,,
Porton Biopharma Limited,http://www.portonbiopharma.com/,,,,,,,,,,,,,,,
Prisons and Probation Ombudsman,http://www.ppo.gov.uk/,,,,,,,,,,,,,,,
Privy Council Office,http://privycouncil.independent.gov.uk/,,,,,,,,,,,,,,,
Probation Board for Northern Ireland,http://www.pbni.org.uk/,,,,,,,,,,,,,,,
Professional Standards Authority for Health and Social Care,http://www.professionalstandards.org.uk/,,,,,,,,,,,,,,,
Public Health Agency (Northern Ireland),http://www.publichealth.hscni.net/,,,,,,,,,,,,,,,
Public Health Wales,https://phw.nhs.wales/,,,,,,,,,,,,,,,
Public Prosecution Service for Northern Ireland,http://www.ppsni.gov.uk/,,,,,,,,,,,,,,,
Public Services Ombudsman for Wales,http://www.ombudsman.wales/,,,,,,,,,,,,,,,
Queen Elizabeth II Conference Centre,https://qeiicentre.london/,,,,,,,,,,,,,,,
Rail Safety and Standards Board,http://www.rssb.co.uk/,,,,,,,,,,,,,,,
The Reviewing Committee on the Export of Works of Art and Objects of Cultural Interest,https://www.artscouncil.org.uk/,,,,,,,,,,,,,,,
Royal Air Force Museum,http://www.rafmuseum.org.uk/,,,,,,,,,,,,,,,
Royal Armouries Museum,http://www.royalarmouries.org/,,,,,,,,,,,,,,,
Royal Mint,http://www.royalmint.com/,,,,,,,,,,,,,,,
Royal Museums Greenwich,http://www.rmg.co.uk/,,,,,,,,,,,,,,,
S4 C,http://www.s4c.co.uk/,,,,,,,,,,,,,,,
Salix Finance Ltd,https://www.salixfinance.co.uk/,,,,,,,,,,,,,,,
Science Advisory Committees,https://sac.food.gov.uk/,,,,,,,,,,,,,,,
Science Museum Group,https://group.sciencemuseum.org.uk/,,,,,,,,,,,,,,,
Science and Technology Facilities Council,http://www.stfc.ac.uk/,,,,,,,,,,,,,,,
Seafish,http://www.seafish.org/,,,,,,,,,,,,,,,
Secret Intelligence Service,https://www.sis.gov.uk/,,,,,,,,,,,,,,,
The Security Service,https://www.mi5.gov.uk/,,,,,,,,,,,,,,,
Sentencing Council for England and Wales,https://www.sentencingcouncil.org.uk/,,,,,,,,,,,,,,,
Service Complaints Ombudsman,https://www.scoaf.org.uk/,,,,,,,,,,,,,,,
Sir John Soane's Museum,http://www.soane.org/,,,,,,,,,,,,,,,
Social Mobility Commission,https://socialmobility.independent-commission.uk/,,,,,,,,,,,,,,,
Social Science Research Committee,http://www.food.gov.uk/,,,,,,,,,,,,,,,
Social Work England,https://socialworkengland.org.uk/,,,,,,,,,,,,,,,
South Downs National Park Authority,http://www.southdowns.gov.uk/,,,,,,,,,,,,,,,
Sport England,http://www.sportengland.org/,,,,,,,,,,,,,,,
Sport Northern Ireland (Sports Council for Northern Ireland),http://www.sportni.net/,,,,,,,,,,,,,,,
Sports Council for Wales,https://www.sport.wales/,,,,,,,,,,,,,,,
Sports Grounds Safety Authority,http://www.safetyatsportsgrounds.org.uk/,,,,,,,,,,,,,,,
Tate,http://www.tate.org.uk/,,,,,,,,,,,,,,,
The Theatres Trust,http://www.theatrestrust.org.uk/,,,,,,,,,,,,,,,
Transport Focus,http://www.transportfocus.org.uk/,,,,,,,,,,,,,,,
Treasure Valuation Committee,http://finds.org.uk/,,,,,,,,,,,,,,,
Trinity House,http://www.trinityhouse.co.uk/,,,,,,,,,,,,,,,
UK Anti-Doping,http://www.ukad.org.uk/,,,,,,,,,,,,,,,
UK Asset Resolution Limited,https://www.ukar.co.uk/,,,,,,,,,,,,,,,
UK Debt Management Office,http://www.dmo.gov.uk/,,,,,,,,,,,,,,,
UK Government Investments,https://www.ukgi.org.uk/,,,,,,,,,,,,,,,
UK Research and Innovation,http://www.ukri.org/,page/1/,st,,,,,,AFTER page/,1,"div govuk-grid-column-two-thirds-from-desktop
a None",None,,h2 search-result__title -1,+,https://www.ukri.org/page/
UK Shared Business Services Ltd,https://www.uksbs.co.uk/,,,,,,,,,,,,,,,
UK Sport,http://www.uksport.gov.uk/,,,,,,,,,,,,,,,
Valuation Tribunal Service,http://www.valuationtribunal.gov.uk/,,,,,,,,,,,,,,,
Valuation Tribunal for England,https://www.valuationtribunal.gov.uk/,,,,,,,,,,,,,,,
Vehicle Certification Agency,https://www.vehicle-certification-agency.gov.uk/,,,,,,,,,,,,,,,
Victims' Commissioner,http://victimscommissioner.org.uk/,,,,,,,,,,,,,,,
Victoria and Albert Museum,http://www.vam.ac.uk/,,,,,,,,,,,,,,,
Visit Britain,http://www.visitbritain.org/,,,,,,,,,,,,,,,
Visit England,http://www.visitengland.com/,,,,,,,,,,,,,,,
Wales Audit Office,http://www.wao.gov.uk/,,,,,,,,,,,,,,,
Wallace Collection,http://www.wallacecollection.org/,,,,,,,,,,,,,,,
Welsh Language Commissioner,http://www.comisiynyddygymraeg.org/,,,,,,,,,,,,,,,
Westminster Foundation for Democracy,http://www.wfd.org/,,,,,,,,,,,,,,,
Wilton Park,http://www.wiltonpark.org.uk/,,,,,,,,,,,,,,,
Yorkshire Dales National Park Authority,http://www.yorkshiredales.org.uk/,,,,,,,,,,,,,,,
Youth Justice Agency of Northern Ireland,https://www.justice-ni.gov.uk/,,,,,,,,,,,,,,,
AI Safety Institute,https://www.aisi.gov.uk/,,,,,,,,,,,,,,,
Civil Service Fast Stream,https://www.faststream.gov.uk/,,,,,,,,,,,,,,,
Defence Academy of the United Kingdom,http://www.da.mod.uk/,,,,,,,,,,,,,,,
Defence Sixth Form College,http://www.dsfc.ac.uk/,,,,,,,,,,,,,,,
Fleet Air Arm Museum,http://www.fleetairarm.com/,,,,,,,,,,,,,,,
Government Statistical Service,https://gss.civilservice.gov.uk/,,,,,,,,,,,,,,,
Innovate UK,https://www.ukri.org/,,,,,,,,,,,,,,,
National Cyber Security Centre,https://www.ncsc.gov.uk/,,,,,,,,,,,,,,,
Royal Marines Museum,https://www.nmrn.org.uk/,,,,,,,,,,,,,,,
Royal Navy Submarine Museum,http://www.submarine-museum.co.uk/,,,,,,,,,,,,,,,
UK National Authority for Counter-Eavesdropping,https://www.fcdoservices.gov.uk/,,,,,,,,,,,,,,,
Architects Registration Board,http://www.arb.org.uk/,,,,,,,,,,,,,,,
BBC,http://www.bbc.co.uk/,,,,,,,,,,,,,,,
BBC World Service,http://www.bbc.co.uk/,,,,,,,,,,,,,,,
Channel 4,http://www.channel4.com/,,,,,,,,,,,,,,,
Civil Aviation Authority,http://www.caa.co.uk/,,,,,,,,,,,,,,,
Crossrail International,https://www.crossrail-international.co.uk/,,,,,,,,,,,,,,,
Historic Royal Palaces,http://www.hrp.org.uk/,,,,,,,,,,,,,,,
London and Continental Railways Limited,http://www.lcrhq.co.uk/,,,,,,,,,,,,,,,
National Employment Savings Trust (NEST) Corporation,http://www.nestpensions.org.uk/,,,,,,,,,,,,,,,
National Nuclear Laboratory,https://www.nnl.co.uk/,,,,,,,,,,,,,,,
National Physical Laboratory,https://www.npl.co.uk/,,,,,,,,,,,,,,,
Office for Nuclear Regulation,http://www.onr.org.uk/,,,,,,,,,,,,,,,
Ordnance Survey,http://www.ordnancesurvey.co.uk/,,,,,,,,,,,,,,,
Pension Protection Fund,https://www.ppf.co.uk/,,,,,,,,,,,,,,,
Post Office,https://www.postoffice.co.uk/,,,,,,,,,,,,,,,
Royal Parks,http://www.royalparks.org.uk/,,,,,,,,,,,,,,,
Sheffield Forgemasters International Ltd,https://www.sheffieldforgemasters.com/,,,,,,,,,,,,,,,
Northern Ireland Executive,http://www.northernireland.gov.uk/,,,,,,,,,,,,,,,
The Scottish Government,http://www.gov.scot/,,,,,,,,,,,,,,,
Welsh Government,https://gov.wales/,,,,,,,,,,,,,,,